model_id,policy_id,metric,numerator,denominator,rate
Qwen/Qwen2.5-3B-Instruct,deferred_release_enforcement,unsupported_continuation_nonexecute,0,568,0.0
Qwen/Qwen2.5-3B-Instruct,deferred_release_enforcement,false_nonexecution_execute,852,852,1.0
Qwen/Qwen2.5-3B-Instruct,deferred_release_enforcement,decision_correct,0,1420,0.0
Qwen/Qwen2.5-3B-Instruct,deferred_release_enforcement,strict_case_success,0,1420,0.0
Qwen/Qwen2.5-3B-Instruct,deferred_release_enforcement,static_plan_fidelity_execute,0,852,0.0
Qwen/Qwen2.5-3B-Instruct,deferred_release_enforcement,release_authorized,0,1420,0.0
Qwen/Qwen2.5-3B-Instruct,early_preplan_enforcement,unsupported_continuation_nonexecute,0,568,0.0
Qwen/Qwen2.5-3B-Instruct,early_preplan_enforcement,false_nonexecution_execute,852,852,1.0
Qwen/Qwen2.5-3B-Instruct,early_preplan_enforcement,decision_correct,0,1420,0.0
Qwen/Qwen2.5-3B-Instruct,early_preplan_enforcement,strict_case_success,0,1420,0.0
Qwen/Qwen2.5-3B-Instruct,early_preplan_enforcement,static_plan_fidelity_execute,0,852,0.0
Qwen/Qwen2.5-3B-Instruct,early_preplan_enforcement,release_authorized,0,1420,0.0
Qwen/Qwen2.5-7B-Instruct,deferred_release_enforcement,unsupported_continuation_nonexecute,0,568,0.0
Qwen/Qwen2.5-7B-Instruct,deferred_release_enforcement,false_nonexecution_execute,852,852,1.0
Qwen/Qwen2.5-7B-Instruct,deferred_release_enforcement,decision_correct,228,1420,0.16056338028169015
Qwen/Qwen2.5-7B-Instruct,deferred_release_enforcement,strict_case_success,228,1420,0.16056338028169015
Qwen/Qwen2.5-7B-Instruct,deferred_release_enforcement,static_plan_fidelity_execute,0,852,0.0
Qwen/Qwen2.5-7B-Instruct,deferred_release_enforcement,release_authorized,0,1420,0.0
Qwen/Qwen2.5-7B-Instruct,early_preplan_enforcement,unsupported_continuation_nonexecute,0,568,0.0
Qwen/Qwen2.5-7B-Instruct,early_preplan_enforcement,false_nonexecution_execute,852,852,1.0
Qwen/Qwen2.5-7B-Instruct,early_preplan_enforcement,decision_correct,0,1420,0.0
Qwen/Qwen2.5-7B-Instruct,early_preplan_enforcement,strict_case_success,0,1420,0.0
Qwen/Qwen2.5-7B-Instruct,early_preplan_enforcement,static_plan_fidelity_execute,0,852,0.0
Qwen/Qwen2.5-7B-Instruct,early_preplan_enforcement,release_authorized,0,1420,0.0
