"task_id","session_id","outcome","model_calls","commands","stop_reason","source_path","source_sha256"
"05e12d8e","e76728cc","memory_failure","231",,,"D:\Users\momoa\Desktop\validation-placement-executable-fidelity-v2\outputs\evaluations\multiuav_train_model_loop_v2\regression_a30\complete\05e12d8e_summary.json","0e177984e003e0ebc9aa507d8024a05d7395701787bd4735815afe39c2ce12c7"
"1036bedf","3ec31656","interrupted_incomplete",,"411","Kubernetes_DeadlineExceeded","outputs/evaluations/multiuav_train_model_loop_v2/regression_a29/a28_interrupted_run_summary.json","ed792be687898943a57e7880acbcd5068267b62e5cc9b30c6036525f1159746d"
"14fd1139","3973d0d6","official_true","216","216","official_task_completed","D:\Users\momoa\Desktop\validation-placement-executable-fidelity-v2\outputs\evaluations\multiuav_train_model_loop_v2\regression_a30\complete\14fd1139_summary.json","7a5ed32ac0ed503e58c5483261072cfc46c20b0256776c3ce0a69a2359a111e8"
"1905e0ad","35ce64d8","memory_failure","202",,,"D:\Users\momoa\Desktop\validation-placement-executable-fidelity-v2\outputs\evaluations\multiuav_train_model_loop_v2\regression_a30\complete\1905e0ad_summary.json","ec216c22598783c3e9b8ac66e114bda5686bbf7e3194385d644f31b99373e91d"
"4c8040f9","04cd6269","official_true","47","47","official_task_completed","outputs/evaluations/multiuav_train_model_loop_v2/regression_a29/a27_run_summary.json","dceb59d35364c5de0de0b3a9cd15e316db29d9cb821894274866b16e8f6d668e"
"4cea97cd","bad1e9e5","official_true","193","193","official_task_completed","outputs/evaluations/multiuav_train_model_loop_v2/attempt25_complete/run_summary.json","2edb7b3cb733b81a030c55737acf97e4b8db93253969fae7a69bb7135ddd3c20"
"519784ca","0f23ff1e","official_true","241","241","official_task_completed","outputs/evaluations/multiuav_train_model_loop_v2/attempt26_complete/run_summary.json","6fc98d0b4bd956cf12ddabe096fff8400b12d0dbbfee57456dd503d8b6b86141"
"67cbff58","b3c8ded2","official_true","258","258","official_task_completed","D:\Users\momoa\Desktop\validation-placement-executable-fidelity-v2\outputs\evaluations\multiuav_train_model_loop_v2\regression_a30\complete\67cbff58_summary.json","a3a768e6790335ec9057ad6f829fab7c2420905619fd90482d4d5781b9915438"
"6c4a6010","0567e470","memory_failure","123",,,"D:\Users\momoa\Desktop\validation-placement-executable-fidelity-v2\outputs\evaluations\multiuav_train_model_loop_v2\regression_a29\6c4a6010_run_summary.json","d402f1ab4db5380bf910faf0e20682667b718ddddde2cf942bd679fd3dd98ce4"
"91130026","13b94391","official_true","55","55","official_task_completed","D:\Users\momoa\Desktop\validation-placement-executable-fidelity-v2\outputs\evaluations\multiuav_train_model_loop_v2\regression_a30\complete\91130026_summary.json","e5e365eed911e6eb119a195b39896f7693f0152ed5d8812ef6f31971437641fc"
"9b355a03","139a4109","official_false","488","487","no_bounded_action","D:\Users\momoa\Desktop\validation-placement-executable-fidelity-v2\outputs\evaluations\multiuav_train_model_loop_v2\regression_a30\complete\9b355a03_summary.json","dfe360aa4b0d4fea7f546916858c38d2b27fc480e2bd9d6a38a991d44d93f83e"
"a45a0c87","cc05a425","memory_failure","5",,,"D:\Users\momoa\Desktop\validation-placement-executable-fidelity-v2\outputs\evaluations\multiuav_train_model_loop_v2\regression_a29\a45a0c87_run_summary.json","91a5853590cba3d5631c79ad7afd1fa45d4f0e9e6bccb03bae13ddcdf671558b"
"ac5f85f8","72ccacd0","memory_failure","118",,,"D:\Users\momoa\Desktop\validation-placement-executable-fidelity-v2\outputs\evaluations\multiuav_train_model_loop_v2\regression_a29\ac5f85f8_run_summary.json","0c03bc9b9b449b5f5165547079b2827f209483a6b37180cb2f0d04710dc3bb7a"
"c96a0146","550aa487","official_false","389","389","no_bounded_action","D:\Users\momoa\Desktop\validation-placement-executable-fidelity-v2\outputs\evaluations\multiuav_train_model_loop_v2\regression_a30\complete\c96a0146_summary.json","760c1dd47db067de7d360762865282bdfb6b4eaf748fda80be44cc776c6a7320"
"cf6f176c","793e7745","official_false","460","460","no_bounded_action","D:\Users\momoa\Desktop\validation-placement-executable-fidelity-v2\outputs\evaluations\multiuav_train_model_loop_v2\regression_a30\complete\cf6f176c_summary.json","77af7a85eed5a2fa4429adab4faa1bdacd368a384f56a35c156f05bef25eacdf"
